CREATE DATABASE IF NOT EXISTS c4;

USE c4;

CREATE TABLE DEPOSIT (ACTNO VARCHAR(5) ,CNAME VARCHAR(18) , BNAME VARCHAR(18) , AMOUNT INT ,ADATE DATE);

CREATE TABLE BRANCH(BNAME VARCHAR(18),CITY VARCHAR(18)); 

CREATE TABLE CUSTOMERS(CNAME VARCHAR(19) ,CITY VARCHAR(18));

CREATE TABLE BORROW(LOANNO VARCHAR(5), CNAME VARCHAR(18), BNAME VARCHAR(18), AMOUNT INT);

CREATE TABLE Employee (emp_no DECIMAL(3) ,emp_name VARCHAR(30) ,emp_sal DECIMAL(8,2) , emp_comm DECIMAL(6, 1), dept_no DECIMAL(3));


INSERT INTO DEPOSIT
VALUES
("100", "ANIL", "VRCE", 1000.00, 19950301),
("101", "SUNIL", "AJNI", 5000.00, 19960104),
("102", "MEHUL", "KAROLBAGH", 3500.00, 19951117),
("104", "MADHURI", "CHANDI", 1200.00, 19951217),
("105", "PRMOD", "M.G.ROAD", 3000.00, 19960327),
("106", "SANDIP", "ANDHERI", 2000.00, 19960331),
("107", "SHIVANI", "VIRAR", 1000.00, 19950905),
("108", "KRANTI", "NEHRU PLACE", 5000.00, 19950702),
("109", "MINU", "POWAI", 7000.00, 19950810);

INSERT INTO BRANCH
VALUES
("VRCE", "NAGPUR"),
("AJNI", "NAGPUR"),
("KAROLBAGH", "DELHI"),
("CHANDI", "DELHI"),
("DHARAMPETH", "NAGPUR"),
("M.G.ROAD", "BANGLORE"),
("ANDHERI", "BOMBAY"),
("VIRAR", "BOMBAY"),
("NEHRU PLACE", "DELHI"),
("POWAI", "BOMBAY");

INSERT INTO CUSTOMERS
VALUES
("ANIL", "CALCUTTA"),
("SUNIL", "DELHI"),
("MEHUL", "BARODA"),
("MANDAR", "PATNA"),
("MADHURI", "NAGPUR"),
("PRAMOD", "NAGPUR"),
("SANDIP", "SURAT"),
("SHIVANI", "BOMBAY"),
("KRANTI", "BOMBAY"),
("NAREN", "BOMBAY");

INSERT INTO BORROW
VALUES
("201", "ANIL", "VRCE", 1000.00),
("206", "MEHUL", "AJNI", 5000.00),
("311", "SUNIL", "DHARAMPETH", 3000.00),
("321", "MADHURI", "ANDHERI", 2000.00),
("375", "PRMOD", "VIRAR", 8000.00),
("481", "KRANTI", "NEHRU PLACE", 3000.00);

INSERT INTO Employee
VALUES
(101, "Smith", 800, NULL, 20),
(102, "Snehal", 1600, 300, 25),
(103, "Adama", 1100, 0, 20),
(104, "Aman", 3000, NULL, 15),
(105, "Anita", 5000, 50000, 10),
(106, "Sneha", 2450, 24500, 10),
(107, "Anamika", 2975, NULL, 30);

/* 1 */
SELECT SUM(amount) FROM 
DEPOSIT; 

/* 2 */
SELECT SUM (AMOUNT) FROM BORROW WHERE 
BNAME='KAROLBAGH'; 

/* 3 */
SELECT SUM(amount) FROM 
BORROW
WHERE BNAME = "VRCE"; 

/* 4 */
SELECT COUNT(CNAME) FROM 
CUSTOMERS; 

/* 5 */
SELECT COUNT(DISTINCT(CITY)) FROM CUSTOMERS;

/* 6 */
CREATE TABLE SUPPLIER AS SELECT * FROM EMPLOYEE;

/* 7 */
CREATE TABLE SUP1 AS SELECT emp_no , emp_name FROM Employee; 

/* 8 */
CREATE TABLE SUP2 AS SELECT * FROM EMPLOYEE WHERE 
emp_comm =NULL;


DROP DATABASE IF EXISTS c4;