CREATE DATABASE IF NOT EXISTS c4;

USE c4;

CREATE TABLE Hetav_Deposit (ACTNO VARCHAR(5) ,CNAME VARCHAR(18) , BNAME VARCHAR(18) , AMOUNT INT ,ADATE DATE);

CREATE TABLE Hetav_Branch(BNAME VARCHAR(18),CITY VARCHAR(18)); 

CREATE TABLE Hetav_Customers(CNAME VARCHAR(19) ,CITY VARCHAR(18));

CREATE TABLE Hetav_Borrow(LOANNO VARCHAR(5), CNAME VARCHAR(18), BNAME VARCHAR(18), AMOUNT INT);

CREATE TABLE Hetav_Employee (emp_no DECIMAL(3) ,emp_name VARCHAR(30) ,emp_sal DECIMAL(8,2) , emp_comm DECIMAL(6, 1), dept_no DECIMAL(3));


INSERT INTO Hetav_Deposit
VALUES
("100", "ANIL", "VRCE", 1000.00, 19950301),
("101", "SUNIL", "AJNI", 5000.00, 19960104),
("102", "MEHUL", "KAROLBAGH", 3500.00, 19951117),
("104", "MADHURI", "CHANDI", 1200.00, 19951217),
("105", "PRMOD", "M.G.ROAD", 3000.00, 19960327),
("106", "SANDIP", "ANDHERI", 2000.00, 19960331),
("107", "SHIVANI", "VIRAR", 1000.00, 19950905),
("108", "KRANTI", "NEHRU PLACE", 5000.00, 19950702),
("109", "MINU", "POWAI", 7000.00, 19950810);

INSERT INTO Hetav_Branch
VALUES
("VRCE", "NAGPUR"),
("AJNI", "NAGPUR"),
("KAROLBAGH", "DELHI"),
("CHANDI", "DELHI"),
("DHARAMPETH", "NAGPUR"),
("M.G.ROAD", "BANGLORE"),
("ANDHERI", "BOMBAY"),
("VIRAR", "BOMBAY"),
("NEHRU PLACE", "DELHI"),
("POWAI", "BOMBAY");

INSERT INTO Hetav_Customers
VALUES
("ANIL", "CALCUTTA"),
("SUNIL", "DELHI"),
("MEHUL", "BARODA"),
("MANDAR", "PATNA"),
("MADHURI", "NAGPUR"),
("PRAMOD", "NAGPUR"),
("SANDIP", "SURAT"),
("SHIVANI", "BOMBAY"),
("KRANTI", "BOMBAY"),
("NAREN", "BOMBAY");

INSERT INTO Hetav_Borrow
VALUES
("201", "ANIL", "VRCE", 1000.00),
("206", "MEHUL", "AJNI", 5000.00),
("311", "SUNIL", "DHARAMPETH", 3000.00),
("321", "MADHURI", "ANDHERI", 2000.00),
("375", "PRMOD", "VIRAR", 8000.00),
("481", "KRANTI", "NEHRU PLACE", 3000.00);

INSERT INTO Hetav_Employee
VALUES
(101, "Smith", 800, NULL, 20),
(102, "Snehal", 1600, 300, 25),
(103, "Adama", 1100, 0, 20),
(104, "Aman", 3000, NULL, 15),
(105, "Anita", 5000, 50000, 10),
(106, "Sneha", 2450, 24500, 10),
(107, "Anamika", 2975, NULL, 30);

/* 1 */
SELECT SUM(amount) FROM 
Hetav_Deposit; 

/* 2 */
SELECT SUM(AMOUNT) FROM Hetav_Borrow WHERE 
BNAME='KAROLBAGH'; 

/* 3 */
SELECT SUM(amount) FROM 
Hetav_Borrow
WHERE BNAME = "VRCE"; 

/* 4 */
SELECT COUNT(CNAME) FROM 
Hetav_Customers; 

/* 5 */
SELECT COUNT(DISTINCT(CITY)) FROM Hetav_Customers;

/* 6 */
CREATE TABLE SUPPLIER AS SELECT * FROM Hetav_Employee;

/* 7 */
CREATE TABLE SUP1 AS SELECT emp_no , emp_name FROM Hetav_Employee; 

/* 8 */
CREATE TABLE SUP2 AS SELECT * FROM Hetav_Employee WHERE 
emp_comm IS NULL;

/* 9 */
INSERT INTO SUP2 SELECT * FROM Hetav_Employee WHERE emp_name LIKE ('_n___');

/* 10 */
TRUNCATE TABLE sup1;

/* 11 */
DELETE FROM SUPPLIER WHERE emp_no=103; 

/* 12 */
ALTER TABLE sup2
RENAME TO sup3;

/* 13 */
DROP TABLE SUP1;

/* 14 */
UPDATE Hetav_Employee 
SET dept_no = 10 
WHERE EMP_NAME LIKE ("_m%"); 

/* 15 */
UPDATE Hetav_Employee 
SET EMP_NAME= "HETAV"
WHERE EMP_NO=103;

DROP DATABASE IF EXISTS c4;